"","Estimate","Std. Error","t value","Pr(>|t|)"
"(Intercept)",75.2769533091204,1.46294137487031,51.4558919463152,2.72028849515875e-65
"daylengthlong",-2.77785020618809,1.6090960014109,-1.72634212237952,0.0879621866503179
"daylengthshort",23.0180975101859,1.59508328754696,14.4306555587983,1.85569309925669e-24
"temp_rangeaverage",0.55734907590896,1.6090960014109,0.346374035744456,0.729927763338569
"temp_rangebelow",5.7948085380103,1.6090960014109,3.60128204465691,0.000534940282888225
