"","Estimate","Std. Error","t value","Pr(>|t|)"
"(Intercept)",75.0061621573434,1.21247234624102,61.8621631989234,1.83784748412931e-72
"light_hrshalf",25.0850820992529,1.32819690877484,18.8865686507221,3.65990547828093e-32
"light_hrswhole",1.39124183241285,1.32819690877484,1.04746654898946,0.297853852220192
"temp_rangeaverage",-0.303910515949004,1.32819690877484,-0.228814352707189,0.81956283397281
"temp_rangebelow",5.97601381873353,1.32819690877484,4.4993432669904,2.14722394427749e-05
