"","Estimate","Std. Error","t value","Pr(>|t|)"
"(Intercept)",106.192111037051,1.29235309599413,82.1695799439116,9.06894168324301e-83
"light_hrshalf",4.89700524515996,1.41570188587525,3.45906528346002,0.000849616348688276
"light_hrswhole",3.81589616867558,1.41570188587525,2.69540939850936,0.00847254737442908
"temp_rangeaverage",22.6481508571041,1.41570188587525,15.9978248832394,2.28345931477502e-27
"temp_rangebelow",-1.96006435527932,1.41570188587525,-1.38451772568454,0.169823851144443
