"","Estimate","Std. Error","t value","Pr(>|t|)"
"(Intercept)",110.097424976265,1.0642849324893,103.447320933835,8.25481744072425e-88
"daylengthlong",-4.16535022155033,1.15435955088834,-3.60836467142744,0.000531831723572907
"daylengthshort",-0.47168905950127,1.14464965564125,-0.412081598222318,0.681368143794855
"temp_rangeaverage",24.3864642233437,1.15435955088834,21.1255359775705,1.07726760175625e-34
"temp_rangebelow",-0.486184626691789,1.15506321419714,-0.420916033612693,0.674931133088943
