"","Estimate","Std. Error","t value","Pr(>|t|)"
"(Intercept)",111.192111037052,1.29235309599413,86.0384916333703,1.90135474287087e-84
"light_hrshalf",-0.102994754840078,1.41570188587525,-0.0727517253933736,0.942174608251818
"light_hrswhole",-1.18410383132442,1.41570188587525,-0.836407610344005,0.405270879753944
"temp_rangeaverage",-7.35184914289589,1.41570188587525,-5.19307716988074,1.39425109006709e-06
"temp_rangebelow",-1.96006435527933,1.41570188587525,-1.38451772568455,0.16982385114444
