"","Estimate","Std. Error","t value","Pr(>|t|)"
"(Intercept)",109.673103979652,1.03303836422684,106.165567298883,1.97473008486413e-90
"daylengthlong",1.07713347534485,1.14914087726968,0.937338055455903,0.351304217679035
"daylengthshort",-0.240921933987103,1.12891981059282,-0.213409253453166,0.831531100801525
"temp_rangeaverage",-5.3340821918369,1.13884277519973,-4.68377400989473,1.08757126735943e-05
"temp_rangebelow",-0.209428044871354,1.13884277519973,-0.183895485340041,0.854543978642753
